alias,canonical_entity,entity_type,notes
奄美,奄美群島または奄美大島,ambiguous,必ず文脈確認
奄美諸島,奄美群島,region,旧称・一般表記として現れる
大島,奄美大島,island,他地域の大島と区別
カケロマ,加計呂麻島,island,カタカナ表記
かけろま,加計呂麻島,island,ひらがな表記
ウケ島,請島,island,表記揺れ
ヨロ島,与路島,island,与論島と混同注意
喜界,喜界島または喜界町,ambiguous,島と町が同範囲
徳之島,徳之島または徳之島町,ambiguous,島全体か町か確認
えらぶ,沖永良部島,island,口語・略称
沖えらぶ,沖永良部島,island,観光表記
おきのえらぶ,沖永良部島,island,ひらがな
ヨロン,与論島,island,観光表記
ゆんぬ,与論島・与論文化,cultural,文脈依存
名瀬,奄美市名瀬,area,旧名瀬市を含む地域呼称
笠利,奄美市笠利町,area,奄美大島北部
住用,奄美市住用町,area,マングローブ地域
古仁屋,瀬戸内町古仁屋,area,周辺離島交通拠点
亀津,徳之島町亀津,area,徳之島主要市街地
平土野,天城町平土野,area,港・市街地
和泊,和泊町,municipality,町名・集落名の文脈確認
知名,知名町,municipality,町名・集落名の文脈確認
百合が浜,百合ヶ浜,spot,表記揺れ
ゆりが浜,百合ヶ浜,spot,表記揺れ
奄美空港,奄美空港,airport,Amami Airport
徳之島空港,徳之島子宝空港,airport,正式名・愛称を併記
えらぶゆりの島空港,沖永良部空港,airport,愛称
