municipality_id,name_ja,reading,island,official_url,notes
amami,奄美市,あまみし,奄美大島,https://www.city.amami.lg.jp/,名瀬・住用・笠利
tatsugo,龍郷町,たつごうちょう,奄美大島,https://www.town.tatsugo.lg.jp/,奄美大島北部
yamato,大和村,やまとそん,奄美大島,https://www.vill.yamato.lg.jp/,奄美大島西部
uken,宇検村,うけんそん,奄美大島,https://www.uken.net/,焼内湾・湯湾岳周辺
setouchi,瀬戸内町,せとうちちょう,奄美大島|加計呂麻島|請島|与路島,https://www.town.setouchi.lg.jp/,古仁屋と周辺有人島
kikai,喜界町,きかいちょう,喜界島,https://www.town.kikai.lg.jp/,一島一町
tokunoshima,徳之島町,とくのしまちょう,徳之島,https://www.tokunoshima-town.org/,亀津等
amagi,天城町,あまぎちょう,徳之島,https://www.town.amagi.lg.jp/,空港・平土野等
isen,伊仙町,いせんちょう,徳之島,https://www.town.isen.kagoshima.jp/,徳之島南部
wadomari,和泊町,わどまりちょう,沖永良部島,https://www.town.wadomari.lg.jp/,沖永良部島東北部
china,知名町,ちなちょう,沖永良部島,https://www.town.china.lg.jp/,沖永良部島南西部
yoron,与論町,よろんちょう,与論島,https://www.yoron.jp/,一島一町
